media,url
vingtcinqw,https://news.yahoo.co.jp/media/vingtcinqw
vingtcinq,https://news.yahoo.co.jp/media/vingtcinq
ntgjigen,https://news.yahoo.co.jp/media/ntgjigen
krjapan,https://news.yahoo.co.jp/media/krjapan
fyears,https://news.yahoo.co.jp/media/fyears
yonnana,https://news.yahoo.co.jp/media/yonnana
fnn,https://news.yahoo.co.jp/media/fnn
ann,https://news.yahoo.co.jp/media/ann
nnn,https://news.yahoo.co.jp/media/nnn
asahi,https://news.yahoo.co.jp/media/asahi
at_s,https://news.yahoo.co.jp/media/at_s
san,https://news.yahoo.co.jp/media/san
shinmai,https://news.yahoo.co.jp/media/shinmai
nikkei,https://news.yahoo.co.jp/media/nikkei
doshin,https://news.yahoo.co.jp/media/doshin
mai,https://news.yahoo.co.jp/media/mai
yom,https://news.yahoo.co.jp/media/yom
yomidr,https://news.yahoo.co.jp/media/yomidr
asahibc,https://news.yahoo.co.jp/media/asahibc
abema,https://news.yahoo.co.jp/media/abema
afpbbnewsv,https://news.yahoo.co.jp/media/afpbbnewsv
aptsushinv,https://news.yahoo.co.jp/media/aptsushinv
bbc,https://news.yahoo.co.jp/media/bbc
bloom_st,https://news.yahoo.co.jp/media/bloom_st
cnn,https://news.yahoo.co.jp/media/cnn
fnnprimev,https://news.yahoo.co.jp/media/fnnprimev
jnn,https://news.yahoo.co.jp/media/jnn
tenki,https://news.yahoo.co.jp/media/tenki
weather,https://news.yahoo.co.jp/media/weather
kyodonews,https://news.yahoo.co.jp/media/kyodonews
jij,https://news.yahoo.co.jp/media/jij
toyo,https://news.yahoo.co.jp/media/toyo
aba,https://news.yahoo.co.jp/media/aba
abn,https://news.yahoo.co.jp/media/abn
absakita,https://news.yahoo.co.jp/media/absakita
atv,https://news.yahoo.co.jp/media/atv
bbcbiwakov,https://news.yahoo.co.jp/media/bbcbiwakov
ohbsn,https://news.yahoo.co.jp/media/ohbsn
bss,https://news.yahoo.co.jp/media/bss
cbc,https://news.yahoo.co.jp/media/cbc
cnaakita,https://news.yahoo.co.jp/media/cnaakita
sdt,https://news.yahoo.co.jp/media/sdt
eat,https://news.yahoo.co.jp/media/eat
fbc,https://news.yahoo.co.jp/media/fbc
fbsnews,https://news.yahoo.co.jp/media/fbsnews
hab,https://news.yahoo.co.jp/media/hab
hometvv,https://news.yahoo.co.jp/media/hometvv
iat,https://news.yahoo.co.jp/media/iat
ibciwatev,https://news.yahoo.co.jp/media/ibciwatev
jrt,https://news.yahoo.co.jp/media/jrt
kab,https://news.yahoo.co.jp/media/kab
kbs,https://news.yahoo.co.jp/media/kbs
kfb,https://news.yahoo.co.jp/media/kfb
khbv,https://news.yahoo.co.jp/media/khbv
kkbv,https://news.yahoo.co.jp/media/kkbv
kkt,https://news.yahoo.co.jp/media/kkt
kry,https://news.yahoo.co.jp/media/kry
ksbv,https://news.yahoo.co.jp/media/ksbv
ktn,https://news.yahoo.co.jp/media/ktn
kytnews,https://news.yahoo.co.jp/media/kytnews
mbcnews,https://news.yahoo.co.jp/media/mbcnews
mrov,https://news.yahoo.co.jp/media/mrov
mrt,https://news.yahoo.co.jp/media/mrt
nbcv,https://news.yahoo.co.jp/media/nbcv
nbstv,https://news.yahoo.co.jp/media/nbstv
nsttv,https://news.yahoo.co.jp/media/nsttv
oabv,https://news.yahoo.co.jp/media/oabv
obsnews,https://news.yahoo.co.jp/media/obsnews
ohk,https://news.yahoo.co.jp/media/ohk
rbc,https://news.yahoo.co.jp/media/rbc
rccv,https://news.yahoo.co.jp/media/rccv
rkbv,https://news.yahoo.co.jp/media/rkbv
rkckochi,https://news.yahoo.co.jp/media/rkckochi
rkk,https://news.yahoo.co.jp/media/rkk
rsk,https://news.yahoo.co.jp/media/rsk
sbc,https://news.yahoo.co.jp/media/sbc
stv,https://news.yahoo.co.jp/media/stv
tbcv,https://news.yahoo.co.jp/media/tbcv
teny,https://news.yahoo.co.jp/media/teny
tku,https://news.yahoo.co.jp/media/tku
tncv,https://news.yahoo.co.jp/media/tncv
tokyomxv,https://news.yahoo.co.jp/media/tokyomxv
tos,https://news.yahoo.co.jp/media/tos
tsc,https://news.yahoo.co.jp/media/tsc
tsk,https://news.yahoo.co.jp/media/tsk
tvkv,https://news.yahoo.co.jp/media/tvkv
tys,https://news.yahoo.co.jp/media/tys
utyv,https://news.yahoo.co.jp/media/utyv
niigatatvv,https://news.yahoo.co.jp/media/niigatatvv
the_tv,https://news.yahoo.co.jp/media/the_tv
yabv,https://news.yahoo.co.jp/media/yabv
ybc,https://news.yahoo.co.jp/media/ybc
ybs,https://news.yahoo.co.jp/media/ybs
yts,https://news.yahoo.co.jp/media/yts
itv,https://news.yahoo.co.jp/media/itv
rab,https://news.yahoo.co.jp/media/rab
aab,https://news.yahoo.co.jp/media/aab
akt,https://news.yahoo.co.jp/media/akt
ishikawa,https://news.yahoo.co.jp/media/ishikawa
nmit,https://news.yahoo.co.jp/media/nmit
otv,https://news.yahoo.co.jp/media/otv
kts,https://news.yahoo.co.jp/media/kts
kantele,https://news.yahoo.co.jp/media/kantele
knb,https://news.yahoo.co.jp/media/knb
kbcv,https://news.yahoo.co.jp/media/kbcv
gtv,https://news.yahoo.co.jp/media/gtv
newskss,https://news.yahoo.co.jp/media/newskss
sagatv,https://news.yahoo.co.jp/media/sagatv
sakuranbo,https://news.yahoo.co.jp/media/sakuranbo
suntvv,https://news.yahoo.co.jp/media/suntvv
satvv,https://news.yahoo.co.jp/media/satvv
sbsv,https://news.yahoo.co.jp/media/sbsv
oxv,https://news.yahoo.co.jp/media/oxv
chibatele,https://news.yahoo.co.jp/media/chibatele
chukaiv,https://news.yahoo.co.jp/media/chukaiv
ctv,https://news.yahoo.co.jp/media/ctv
tuliptv,https://news.yahoo.co.jp/media/tuliptv
tvq,https://news.yahoo.co.jp/media/tvq
asapostv,https://news.yahoo.co.jp/media/asapostv
teletama,https://news.yahoo.co.jp/media/teletama
tvtnews,https://news.yahoo.co.jp/media/tvtnews
tvtplus,https://news.yahoo.co.jp/media/tvtplus
tvaichi,https://news.yahoo.co.jp/media/tvaichi
tvi,https://news.yahoo.co.jp/media/tvi
ebc,https://news.yahoo.co.jp/media/ebc
tvosaka,https://news.yahoo.co.jp/media/tvosaka
ktk,https://news.yahoo.co.jp/media/ktk
kutv,https://news.yahoo.co.jp/media/kutv
sut,https://news.yahoo.co.jp/media/sut
tsb,https://news.yahoo.co.jp/media/tsb
tssv,https://news.yahoo.co.jp/media/tssv
tvtokyos,https://news.yahoo.co.jp/media/tvtokyos
tvh,https://news.yahoo.co.jp/media/tvh
tuf,https://news.yahoo.co.jp/media/tuf
tuy,https://news.yahoo.co.jp/media/tuy
wakayamav,https://news.yahoo.co.jp/media/wakayamav
tokai,https://news.yahoo.co.jp/media/tokai
tochitele,https://news.yahoo.co.jp/media/tochitele
bbt,https://news.yahoo.co.jp/media/bbt
nib,https://news.yahoo.co.jp/media/nib
ncctv,https://news.yahoo.co.jp/media/ncctv
tvn,https://news.yahoo.co.jp/media/tvn
rnb,https://news.yahoo.co.jp/media/rnb
nshaberu,https://news.yahoo.co.jp/media/nshaberu
nkt,https://news.yahoo.co.jp/media/nkt
htv,https://news.yahoo.co.jp/media/htv
ftb,https://news.yahoo.co.jp/media/ftb
fct,https://news.yahoo.co.jp/media/fct
ftv,https://news.yahoo.co.jp/media/ftv
fujitv,https://news.yahoo.co.jp/media/fujitv
mietvv,https://news.yahoo.co.jp/media/mietvv
mmt,https://news.yahoo.co.jp/media/mmt
umk,https://news.yahoo.co.jp/media/umk
nbn,https://news.yahoo.co.jp/media/nbn
ytv,https://news.yahoo.co.jp/media/ytv
nkgendai,https://news.yahoo.co.jp/media/nkgendai
dospo,https://news.yahoo.co.jp/media/dospo
nishispo,https://news.yahoo.co.jp/media/nishispo
edua,https://news.yahoo.co.jp/media/edua
asahisdgs,https://news.yahoo.co.jp/media/asahisdgs
asahiand,https://news.yahoo.co.jp/media/asahiand
amami,https://news.yahoo.co.jp/media/amami
izunp,https://news.yahoo.co.jp/media/izunp
isenp,https://news.yahoo.co.jp/media/isenp
ibaraki,https://news.yahoo.co.jp/media/ibaraki
iwanichi,https://news.yahoo.co.jp/media/iwanichi
ehime,https://news.yahoo.co.jp/media/ehime
mjikenbo,https://news.yahoo.co.jp/media/mjikenbo
osknichi,https://news.yahoo.co.jp/media/osknichi
otekomachi,https://news.yahoo.co.jp/media/otekomachi
kana,https://news.yahoo.co.jp/media/kana
kedglobal,https://news.yahoo.co.jp/media/kedglobal
kitanihon,https://news.yahoo.co.jp/media/kitanihon
kyobun,https://news.yahoo.co.jp/media/kyobun
kyt,https://news.yahoo.co.jp/media/kyt
gifuweb,https://news.yahoo.co.jp/media/gifuweb
kumanichi,https://news.yahoo.co.jp/media/kumanichi
kenkoshin,https://news.yahoo.co.jp/media/kenkoshin
koukousei,https://news.yahoo.co.jp/media/koukousei
kobenext,https://news.yahoo.co.jp/media/kobenext
saitama,https://news.yahoo.co.jp/media/saitama
saga,https://news.yahoo.co.jp/media/saga
sanyo,https://news.yahoo.co.jp/media/sanyo
soon,https://news.yahoo.co.jp/media/soon
ssnp,https://news.yahoo.co.jp/media/ssnp
shokuhin,https://news.yahoo.co.jp/media/shokuhin
jomo,https://news.yahoo.co.jp/media/jomo
tanba,https://news.yahoo.co.jp/media/tanba
chugoku,https://news.yahoo.co.jp/media/chugoku
chukei,https://news.yahoo.co.jp/media/chukei
tekkou,https://news.yahoo.co.jp/media/tekkou
dempad,https://news.yahoo.co.jp/media/dempad
dtohoku,https://news.yahoo.co.jp/media/dtohoku
kachimai,https://news.yahoo.co.jp/media/kachimai
tokushimav,https://news.yahoo.co.jp/media/tokushimav
tomamin,https://news.yahoo.co.jp/media/tomamin
nagasaki,https://news.yahoo.co.jp/media/nagasaki
naganonp,https://news.yahoo.co.jp/media/naganonp
naranp,https://news.yahoo.co.jp/media/naranp
nankainn,https://news.yahoo.co.jp/media/nankainn
nishinp,https://news.yahoo.co.jp/media/nishinp
nkogyo,https://news.yahoo.co.jp/media/nkogyo
sangyo,https://news.yahoo.co.jp/media/sangyo
netdenjd,https://news.yahoo.co.jp/media/netdenjd
nihonkai,https://news.yahoo.co.jp/media/nihonkai
tjmd,https://news.yahoo.co.jp/media/tjmd
nissyoku,https://news.yahoo.co.jp/media/nissyoku
agrinews,https://news.yahoo.co.jp/media/agrinews
hakoshin,https://news.yahoo.co.jp/media/hakoshin
hankyoreh,https://news.yahoo.co.jp/media/hankyoreh
fukui,https://news.yahoo.co.jp/media/fukui
fukushi,https://news.yahoo.co.jp/media/fukushi
minyu,https://news.yahoo.co.jp/media/minyu
hokkoku,https://news.yahoo.co.jp/media/hokkoku
bonichi,https://news.yahoo.co.jp/media/bonichi
macau,https://news.yahoo.co.jp/media/macau
minatos,https://news.yahoo.co.jp/media/minatos
minami,https://news.yahoo.co.jp/media/minami
miyako,https://news.yahoo.co.jp/media/miyako
miyazaki,https://news.yahoo.co.jp/media/miyazaki
minkei,https://news.yahoo.co.jp/media/minkei
yamagatan,https://news.yahoo.co.jp/media/yamagatan
rtn,https://news.yahoo.co.jp/media/rtn
sippo,https://news.yahoo.co.jp/media/sippo
imptrw,https://news.yahoo.co.jp/media/imptrw
travelv,https://news.yahoo.co.jp/media/travelv
nknatiogeo,https://news.yahoo.co.jp/media/nknatiogeo
biz_jinji,https://news.yahoo.co.jp/media/biz_jinji
hnrm,https://news.yahoo.co.jp/media/hnrm
sasahi,https://news.yahoo.co.jp/media/sasahi
asmasahi,https://news.yahoo.co.jp/media/asmasahi
afpbbnewsp,https://news.yahoo.co.jp/media/afpbbnewsp
jij_afp,https://news.yahoo.co.jp/media/jij_afp
golfnettv,https://news.yahoo.co.jp/media/golfnettv
nallabout,https://news.yahoo.co.jp/media/nallabout
allreview,https://news.yahoo.co.jp/media/allreview
ampreview,https://news.yahoo.co.jp/media/ampreview
ananweb,https://news.yahoo.co.jp/media/ananweb
askdoctor,https://news.yahoo.co.jp/media/askdoctor
autobild,https://news.yahoo.co.jp/media/autobild
autocar,https://news.yahoo.co.jp/media/autocar
amweb,https://news.yahoo.co.jp/media/amweb
awire,https://news.yahoo.co.jp/media/awire
impavw,https://news.yahoo.co.jp/media/impavw
bark,https://news.yahoo.co.jp/media/bark
geeksv,https://news.yahoo.co.jp/media/geeksv
basket,https://news.yahoo.co.jp/media/basket
bbmv,https://news.yahoo.co.jp/media/bbmv
bcn,https://news.yahoo.co.jp/media/bcn
bepal,https://news.yahoo.co.jp/media/bepal
bezzy,https://news.yahoo.co.jp/media/bezzy
exp,https://news.yahoo.co.jp/media/exp
bookbang,https://news.yahoo.co.jp/media/bookbang
webhon,https://news.yahoo.co.jp/media/webhon
bravom,https://news.yahoo.co.jp/media/bravom
binsider,https://news.yahoo.co.jp/media/binsider
bfj,https://news.yahoo.co.jp/media/bfj
cancam,https://news.yahoo.co.jp/media/cancam
capa,https://news.yahoo.co.jp/media/capa
carv,https://news.yahoo.co.jp/media/carv
casabrutus,https://news.yahoo.co.jp/media/casabrutus
cdj,https://news.yahoo.co.jp/media/cdj
clc_cgtn,https://news.yahoo.co.jp/media/clc_cgtn
cgworld,https://news.yahoo.co.jp/media/cgworld
chanto,https://news.yahoo.co.jp/media/chanto
ctvg,https://news.yahoo.co.jp/media/ctvg
cine,https://news.yahoo.co.jp/media/cine
cinemore,https://news.yahoo.co.jp/media/cinemore
cinranet,https://news.yahoo.co.jp/media/cinranet
cnetj,https://news.yahoo.co.jp/media/cnetj
clc_cnsv,https://news.yahoo.co.jp/media/clc_cnsv
cocokara,https://news.yahoo.co.jp/media/cocokara
coindesk,https://news.yahoo.co.jp/media/coindesk
creaweb,https://news.yahoo.co.jp/media/creaweb
dancyu,https://news.yahoo.co.jp/media/dancyu
dazn,https://news.yahoo.co.jp/media/dazn
dsignal,https://news.yahoo.co.jp/media/dsignal
dhbrn,https://news.yahoo.co.jp/media/dhbrn
digiday,https://news.yahoo.co.jp/media/digiday
domani,https://news.yahoo.co.jp/media/domani
it_edn,https://news.yahoo.co.jp/media/it_edn
sh_ed,https://news.yahoo.co.jp/media/sh_ed
it_eetimes,https://news.yahoo.co.jp/media/it_eetimes
egolf,https://news.yahoo.co.jp/media/egolf
elleonline,https://news.yahoo.co.jp/media/elleonline
ellegirl,https://news.yahoo.co.jp/media/ellegirl
encount,https://news.yahoo.co.jp/media/encount
engine,https://news.yahoo.co.jp/media/engine
esse,https://news.yahoo.co.jp/media/esse
etalent,https://news.yahoo.co.jp/media/etalent
fbox,https://news.yahoo.co.jp/media/fbox
fashions,https://news.yahoo.co.jp/media/fashions
fashiontn,https://news.yahoo.co.jp/media/fashiontn
it_favlog,https://news.yahoo.co.jp/media/it_favlog
finders,https://news.yahoo.co.jp/media/finders
fineboys,https://news.yahoo.co.jp/media/fineboys
fineplayv,https://news.yahoo.co.jp/media/fineplayv
fitlove,https://news.yahoo.co.jp/media/fitlove
fballista,https://news.yahoo.co.jp/media/fballista
soccermzw,https://news.yahoo.co.jp/media/soccermzw
forbes,https://news.yahoo.co.jp/media/forbes
forza,https://news.yahoo.co.jp/media/forza
friday,https://news.yahoo.co.jp/media/friday
fullcount,https://news.yahoo.co.jp/media/fullcount
fumufumun,https://news.yahoo.co.jp/media/fumufumun
eipub,https://news.yahoo.co.jp/media/eipub
gamespav,https://news.yahoo.co.jp/media/gamespav
getnavi,https://news.yahoo.co.jp/media/getnavi
gingerweb,https://news.yahoo.co.jp/media/gingerweb
ginza,https://news.yahoo.co.jp/media/ginza
gisele,https://news.yahoo.co.jp/media/gisele
globeplus,https://news.yahoo.co.jp/media/globeplus
globisv,https://news.yahoo.co.jp/media/globisv
goal,https://news.yahoo.co.jp/media/goal
goethe,https://news.yahoo.co.jp/media/goethe
gqjapan,https://news.yahoo.co.jp/media/gqjapan
hanako,https://news.yahoo.co.jp/media/hanako
bazaar,https://news.yahoo.co.jp/media/bazaar
hbcv,https://news.yahoo.co.jp/media/hbcv
biz_coacha,https://news.yahoo.co.jp/media/biz_coacha
hintpot,https://news.yahoo.co.jp/media/hintpot
hominis,https://news.yahoo.co.jp/media/hominis
nhonz,https://news.yahoo.co.jp/media/nhonz
htbv,https://news.yahoo.co.jp/media/htbv
hugkum,https://news.yahoo.co.jp/media/hugkum
ignjapan,https://news.yahoo.co.jp/media/ignjapan
imaonline,https://news.yahoo.co.jp/media/imaonline
impress,https://news.yahoo.co.jp/media/impress
zdn_m,https://news.yahoo.co.jp/media/zdn_m
zdn_n,https://news.yahoo.co.jp/media/zdn_n
zdn_pc,https://news.yahoo.co.jp/media/zdn_pc
zdn_ep,https://news.yahoo.co.jp/media/zdn_ep
zdn_mkt,https://news.yahoo.co.jp/media/zdn_mkt
biz_it_mk,https://news.yahoo.co.jp/media/biz_it_mk
jbpressz,https://news.yahoo.co.jp/media/jbpressz
jct,https://news.yahoo.co.jp/media/jct
jsportsv,https://news.yahoo.co.jp/media/jsportsv
jwave,https://news.yahoo.co.jp/media/jwave
kaiyou,https://news.yahoo.co.jp/media/kaiyou
clc_korea,https://news.yahoo.co.jp/media/clc_korea
kstylens,https://news.yahoo.co.jp/media/kstylens
kufura,https://news.yahoo.co.jp/media/kufura
lee,https://news.yahoo.co.jp/media/lee
leon,https://news.yahoo.co.jp/media/leon
toushin,https://news.yahoo.co.jp/media/toushin
linenews,https://news.yahoo.co.jp/media/linenews
lmaga,https://news.yahoo.co.jp/media/lmaga
mthree,https://news.yahoo.co.jp/media/mthree
magacol,https://news.yahoo.co.jp/media/magacol
mantan,https://news.yahoo.co.jp/media/mantan
maquia,https://news.yahoo.co.jp/media/maquia
marisol,https://news.yahoo.co.jp/media/marisol
mbsnews,https://news.yahoo.co.jp/media/mbsnews
medicald,https://news.yahoo.co.jp/media/medicald
medical,https://news.yahoo.co.jp/media/medical
mbrasiln,https://news.yahoo.co.jp/media/mbrasiln
meijinet,https://news.yahoo.co.jp/media/meijinet
mensplus,https://news.yahoo.co.jp/media/mensplus
mensnonno,https://news.yahoo.co.jp/media/mensnonno
merkmal,https://news.yahoo.co.jp/media/merkmal
minkeiv,https://news.yahoo.co.jp/media/minkeiv
mlb,https://news.yahoo.co.jp/media/mlb
moneyplus,https://news.yahoo.co.jp/media/moneyplus
it_monoist,https://news.yahoo.co.jp/media/it_monoist
monomax,https://news.yahoo.co.jp/media/monomax
dmore,https://news.yahoo.co.jp/media/dmore
motorfan,https://news.yahoo.co.jp/media/motorfan
msportcom,https://news.yahoo.co.jp/media/msportcom
mvwalk,https://news.yahoo.co.jp/media/mvwalk
musicv,https://news.yahoo.co.jp/media/musicv
ism,https://news.yahoo.co.jp/media/ism
nrakuten,https://news.yahoo.co.jp/media/nrakuten
kiba,https://news.yahoo.co.jp/media/kiba
nkeirin,https://news.yahoo.co.jp/media/nkeirin
netvivi,https://news.yahoo.co.jp/media/netvivi
newspicksn,https://news.yahoo.co.jp/media/newspicksn
npicksd,https://news.yahoo.co.jp/media/npicksd
newstkb,https://news.yahoo.co.jp/media/newstkb
pseven,https://news.yahoo.co.jp/media/pseven
nfljapan,https://news.yahoo.co.jp/media/nfljapan
nipponcom,https://news.yahoo.co.jp/media/nipponcom
nna,https://news.yahoo.co.jp/media/nna
phpfamily,https://news.yahoo.co.jp/media/phpfamily
nonno,https://news.yahoo.co.jp/media/nonno
nosweb,https://news.yahoo.co.jp/media/nosweb
note,https://news.yahoo.co.jp/media/note
nrin,https://news.yahoo.co.jp/media/nrin
number,https://news.yahoo.co.jp/media/number
numero,https://news.yahoo.co.jp/media/numero
oceans,https://news.yahoo.co.jp/media/oceans
octane,https://news.yahoo.co.jp/media/octane
oggi,https://news.yahoo.co.jp/media/oggi
okm,https://news.yahoo.co.jp/media/okm
otocoto,https://news.yahoo.co.jp/media/otocoto
otokomae,https://news.yahoo.co.jp/media/otokomae
otonas,https://news.yahoo.co.jp/media/otonas
ourage,https://news.yahoo.co.jp/media/ourage
imppcw,https://news.yahoo.co.jp/media/imppcw
penonline,https://news.yahoo.co.jp/media/penonline
phileweb,https://news.yahoo.co.jp/media/phileweb
php_s,https://news.yahoo.co.jp/media/php_s
php_t,https://news.yahoo.co.jp/media/php_t
voice,https://news.yahoo.co.jp/media/voice
php_r,https://news.yahoo.co.jp/media/php_r
qjweb,https://news.yahoo.co.jp/media/qjweb
rallysv,https://news.yahoo.co.jp/media/rallysv
realspo,https://news.yahoo.co.jp/media/realspo
relifenet,https://news.yahoo.co.jp/media/relifenet
rolling,https://news.yahoo.co.jp/media/rolling
ronspo,https://news.yahoo.co.jp/media/ronspo
safariweb,https://news.yahoo.co.jp/media/safariweb
fsal,https://news.yahoo.co.jp/media/fsal
scan,https://news.yahoo.co.jp/media/scan
scawaii,https://news.yahoo.co.jp/media/scawaii
sportal,https://news.yahoo.co.jp/media/sportal
flash,https://news.yahoo.co.jp/media/flash
sdigestw,https://news.yahoo.co.jp/media/sdigestw
soccerk,https://news.yahoo.co.jp/media/soccerk
sorae_jp,https://news.yahoo.co.jp/media/sorae_jp
spaia,https://news.yahoo.co.jp/media/spaia
spur,https://news.yahoo.co.jp/media/spur
suumoj,https://news.yahoo.co.jp/media/suumoj
tarzanweb,https://news.yahoo.co.jp/media/tarzanweb
zdn_tt,https://news.yahoo.co.jp/media/zdn_tt
telling,https://news.yahoo.co.jp/media/telling
tennisnet,https://news.yahoo.co.jp/media/tennisnet
tennisc,https://news.yahoo.co.jp/media/tennisc
theanswer,https://news.yahoo.co.jp/media/theanswer
thedigest,https://news.yahoo.co.jp/media/thedigest
evtimes,https://news.yahoo.co.jp/media/evtimes
mnet,https://news.yahoo.co.jp/media/mnet
newslens,https://news.yahoo.co.jp/media/newslens
nikkeisty,https://news.yahoo.co.jp/media/nikkeisty
theworldw,https://news.yahoo.co.jp/media/theworldw
tjapan,https://news.yahoo.co.jp/media/tjapan
tartbeat,https://news.yahoo.co.jp/media/tartbeat
tokyofm,https://news.yahoo.co.jp/media/tokyofm
theadline,https://news.yahoo.co.jp/media/theadline
fliv,https://news.yahoo.co.jp/media/fliv
tvlife,https://news.yahoo.co.jp/media/tvlife
uchubiz,https://news.yahoo.co.jp/media/uchubiz
vague,https://news.yahoo.co.jp/media/vague
victory,https://news.yahoo.co.jp/media/victory
vitup,https://news.yahoo.co.jp/media/vitup
voce,https://news.yahoo.co.jp/media/voce
vogue,https://news.yahoo.co.jp/media/vogue
watchnavi,https://news.yahoo.co.jp/media/watchnavi
wcartop,https://news.yahoo.co.jp/media/wcartop
webcg,https://news.yahoo.co.jp/media/webcg
eclat,https://news.yahoo.co.jp/media/eclat
webuomo,https://news.yahoo.co.jp/media/webuomo
autoby,https://news.yahoo.co.jp/media/autoby
sportiva,https://news.yahoo.co.jp/media/sportiva
webtan,https://news.yahoo.co.jp/media/webtan
webtoo,https://news.yahoo.co.jp/media/webtoo
mimollet,https://news.yahoo.co.jp/media/mimollet
colocal,https://news.yahoo.co.jp/media/colocal
mmagazine,https://news.yahoo.co.jp/media/mmagazine
webym,https://news.yahoo.co.jp/media/webym
wedge,https://news.yahoo.co.jp/media/wedge
wired,https://news.yahoo.co.jp/media/wired
withnews,https://news.yahoo.co.jp/media/withnews
withonline,https://news.yahoo.co.jp/media/withonline
wwdjapan,https://news.yahoo.co.jp/media/wwdjapan
yjsdgs,https://news.yahoo.co.jp/media/yjsdgs
ycreatp,https://news.yahoo.co.jp/media/ycreatp
yjnews,https://news.yahoo.co.jp/media/yjnews
redchair,https://news.yahoo.co.jp/media/redchair
wordleaf,https://news.yahoo.co.jp/media/wordleaf
ynewstalk,https://news.yahoo.co.jp/media/ynewstalk
ytokushup,https://news.yahoo.co.jp/media/ytokushup
yamakei,https://news.yahoo.co.jp/media/yamakei
zdnet,https://news.yahoo.co.jp/media/zdnet
asiap,https://news.yahoo.co.jp/media/asiap
ascii,https://news.yahoo.co.jp/media/ascii
hathlete,https://news.yahoo.co.jp/media/hathlete
neweco,https://news.yahoo.co.jp/media/neweco
baila,https://news.yahoo.co.jp/media/baila
dime,https://news.yahoo.co.jp/media/dime
zdn_ait,https://news.yahoo.co.jp/media/zdn_ait
anmanmv,https://news.yahoo.co.jp/media/anmanmv
animage,https://news.yahoo.co.jp/media/animage
storyfulv,https://news.yahoo.co.jp/media/storyfulv
andgp,https://news.yahoo.co.jp/media/andgp
inumag,https://news.yahoo.co.jp/media/inumag
cbn,https://news.yahoo.co.jp/media/cbn
iwatenpv,https://news.yahoo.co.jp/media/iwatenpv
isd,https://news.yahoo.co.jp/media/isd
elevenspo,https://news.yahoo.co.jp/media/elevenspo
gbr,https://news.yahoo.co.jp/media/gbr
womensh,https://news.yahoo.co.jp/media/womensh
wmap,https://news.yahoo.co.jp/media/wmap
biz_mos,https://news.yahoo.co.jp/media/biz_mos
tkwalk,https://news.yahoo.co.jp/media/tkwalk
wsj,https://news.yahoo.co.jp/media/wsj
watchlife,https://news.yahoo.co.jp/media/watchlife
ubenippo,https://news.yahoo.co.jp/media/ubenippo
umatokuh,https://news.yahoo.co.jp/media/umatokuh
eiga,https://news.yahoo.co.jp/media/eiga
nataliee,https://news.yahoo.co.jp/media/nataliee
entame,https://news.yahoo.co.jp/media/entame
tvfan,https://news.yahoo.co.jp/media/tvfan
okinawat,https://news.yahoo.co.jp/media/okinawat
qab,https://news.yahoo.co.jp/media/qab
kkrgd,https://news.yahoo.co.jp/media/kkrgd
matomeshi,https://news.yahoo.co.jp/media/matomeshi
otonans,https://news.yahoo.co.jp/media/otonans
oric,https://news.yahoo.co.jp/media/oric
alterna,https://news.yahoo.co.jp/media/alterna
natalieo,https://news.yahoo.co.jp/media/natalieo
ongakuto,https://news.yahoo.co.jp/media/ongakuto
natalien,https://news.yahoo.co.jp/media/natalien
rcg,https://news.yahoo.co.jp/media/rcg
ovo,https://news.yahoo.co.jp/media/ovo
shikihos,https://news.yahoo.co.jp/media/shikihos
kateigaho,https://news.yahoo.co.jp/media/kateigaho
khks,https://news.yahoo.co.jp/media/khks
ktvguide,https://news.yahoo.co.jp/media/ktvguide
kansensho,https://news.yahoo.co.jp/media/kansensho
kanpara,https://news.yahoo.co.jp/media/kanpara
agara,https://news.yahoo.co.jp/media/agara
kinejun,https://news.yahoo.co.jp/media/kinejun
kyoikuict,https://news.yahoo.co.jp/media/kyoikuict
kyousemi,https://news.yahoo.co.jp/media/kyousemi
giz,https://news.yahoo.co.jp/media/giz
gifuchan,https://news.yahoo.co.jp/media/gifuchan
kunel,https://news.yahoo.co.jp/media/kunel
cookpadn,https://news.yahoo.co.jp/media/cookpadn
crankinn,https://news.yahoo.co.jp/media/crankinn
parkblog,https://news.yahoo.co.jp/media/parkblog
kurumans,https://news.yahoo.co.jp/media/kurumans
crssntv,https://news.yahoo.co.jp/media/crssntv
courrier,https://news.yahoo.co.jp/media/courrier
impgrw,https://news.yahoo.co.jp/media/impgrw
keibana,https://news.yahoo.co.jp/media/keibana
kenkosoku,https://news.yahoo.co.jp/media/kenkosoku
impktw,https://news.yahoo.co.jp/media/impktw
gekisaka,https://news.yahoo.co.jp/media/gekisaka
sakae,https://news.yahoo.co.jp/media/sakae
nbpvbball,https://news.yahoo.co.jp/media/nbpvbball
getsuv,https://news.yahoo.co.jp/media/getsuv
getsuriku,https://news.yahoo.co.jp/media/getsuriku
gendaibiz,https://news.yahoo.co.jp/media/gendaibiz
gonline,https://news.yahoo.co.jp/media/gonline
kksoccer,https://news.yahoo.co.jp/media/kksoccer
hbnippon,https://news.yahoo.co.jp/media/hbnippon
bookasahi,https://news.yahoo.co.jp/media/bookasahi
kjn,https://news.yahoo.co.jp/media/kjn
cosmopoli,https://news.yahoo.co.jp/media/cosmopoli
nataliec,https://news.yahoo.co.jp/media/nataliec
alba,https://news.yahoo.co.jp/media/alba
gdo,https://news.yahoo.co.jp/media/gdo
golfnw,https://news.yahoo.co.jp/media/golfnw
gkakutogi,https://news.yahoo.co.jp/media/gkakutogi
soccerh,https://news.yahoo.co.jp/media/soccerh
soccerm,https://news.yahoo.co.jp/media/soccerm
seraijp,https://news.yahoo.co.jp/media/seraijp
saninchuo,https://news.yahoo.co.jp/media/saninchuo
thankyu,https://news.yahoo.co.jp/media/thankyu
sanspo,https://news.yahoo.co.jp/media/sanspo
economist,https://news.yahoo.co.jp/media/economist
tptj,https://news.yahoo.co.jp/media/tptj
scafe,https://news.yahoo.co.jp/media/scafe
flix,https://news.yahoo.co.jp/media/flix
shimint,https://news.yahoo.co.jp/media/shimint
shueisha,https://news.yahoo.co.jp/media/shueisha
sspa,https://news.yahoo.co.jp/media/sspa
kinyobi,https://news.yahoo.co.jp/media/kinyobi
baseballo,https://news.yahoo.co.jp/media/baseballo
sjournal,https://news.yahoo.co.jp/media/sjournal
playboyz,https://news.yahoo.co.jp/media/playboyz
jprime,https://news.yahoo.co.jp/media/jprime
syokuraku,https://news.yahoo.co.jp/media/syokuraku
srnijugo,https://news.yahoo.co.jp/media/srnijugo
fsight,https://news.yahoo.co.jp/media/fsight
jalan,https://news.yahoo.co.jp/media/jalan
jspa,https://news.yahoo.co.jp/media/jspa
jisin,https://news.yahoo.co.jp/media/jisin
natalies,https://news.yahoo.co.jp/media/natalies
spport,https://news.yahoo.co.jp/media/spport
spnannex,https://news.yahoo.co.jp/media/spnannex
spnaviv,https://news.yahoo.co.jp/media/spnaviv
sph,https://news.yahoo.co.jp/media/sph
sporting,https://news.yahoo.co.jp/media/sporting
biz_it_sj,https://news.yahoo.co.jp/media/biz_it_sj
seijiyama,https://news.yahoo.co.jp/media/seijiyama
senkyocom,https://news.yahoo.co.jp/media/senkyocom
senbatsuf,https://news.yahoo.co.jp/media/senbatsuf
zeiricom,https://news.yahoo.co.jp/media/zeiricom
souzoku,https://news.yahoo.co.jp/media/souzoku
sotolover,https://news.yahoo.co.jp/media/sotolover
socialinv,https://news.yahoo.co.jp/media/socialinv
worldtt,https://news.yahoo.co.jp/media/worldtt
tabelog,https://news.yahoo.co.jp/media/tabelog
tamahiyo,https://news.yahoo.co.jp/media/tamahiyo
diamond,https://news.yahoo.co.jp/media/diamond
dzai,https://news.yahoo.co.jp/media/dzai
diamondf,https://news.yahoo.co.jp/media/diamondf
dewsv,https://news.yahoo.co.jp/media/dewsv
davincin,https://news.yahoo.co.jp/media/davincin
pia,https://news.yahoo.co.jp/media/pia
chibach,https://news.yahoo.co.jp/media/chibach
chibatopi,https://news.yahoo.co.jp/media/chibatopi
chuokou,https://news.yahoo.co.jp/media/chuokou
ftaiwan,https://news.yahoo.co.jp/media/ftaiwan
cnippou,https://news.yahoo.co.jp/media/cnippou
chuspo,https://news.yahoo.co.jp/media/chuspo
usoccer,https://news.yahoo.co.jp/media/usoccer
choani,https://news.yahoo.co.jp/media/choani
chosun,https://news.yahoo.co.jp/media/chosun
tsugino,https://news.yahoo.co.jp/media/tsugino
tsukuru,https://news.yahoo.co.jp/media/tsukuru
fvision,https://news.yahoo.co.jp/media/fvision
teikokudb,https://news.yahoo.co.jp/media/teikokudb
tetsucom,https://news.yahoo.co.jp/media/tetsucom
tennismagv,https://news.yahoo.co.jp/media/tennismagv
shincho,https://news.yahoo.co.jp/media/shincho
dal,https://news.yahoo.co.jp/media/dal
devi,https://news.yahoo.co.jp/media/devi
denfami,https://news.yahoo.co.jp/media/denfami
biz_shoko,https://news.yahoo.co.jp/media/biz_shoko
tkybgmnv,https://news.yahoo.co.jp/media/tkybgmnv
tospoweb,https://news.yahoo.co.jp/media/tospoweb
tspkeiba,https://news.yahoo.co.jp/media/tspkeiba
clc_toho,https://news.yahoo.co.jp/media/clc_toho
toyoedu,https://news.yahoo.co.jp/media/toyoedu
driverweb,https://news.yahoo.co.jp/media/driverweb
nakamaaru,https://news.yahoo.co.jp/media/nakamaaru
sshunan,https://news.yahoo.co.jp/media/sshunan
nksports,https://news.yahoo.co.jp/media/nksports
nkbizgate,https://news.yahoo.co.jp/media/nkbizgate
woman,https://news.yahoo.co.jp/media/woman
nkctrend,https://news.yahoo.co.jp/media/nkctrend
gooday,https://news.yahoo.co.jp/media/gooday
business,https://news.yahoo.co.jp/media/business
jfactc,https://news.yahoo.co.jp/media/jfactc
newswitch,https://news.yahoo.co.jp/media/newswitch
socra,https://news.yahoo.co.jp/media/socra
newsweek,https://news.yahoo.co.jp/media/newsweek
nekomag,https://news.yahoo.co.jp/media/nekomag
netshop,https://news.yahoo.co.jp/media/netshop
it_nlab,https://news.yahoo.co.jp/media/it_nlab
norimono,https://news.yahoo.co.jp/media/norimono
huffpost,https://news.yahoo.co.jp/media/huffpost
halmek,https://news.yahoo.co.jp/media/halmek
bikeno,https://news.yahoo.co.jp/media/bikeno
bballk,https://news.yahoo.co.jp/media/bballk
bbspirits,https://news.yahoo.co.jp/media/bbspirits
battlen,https://news.yahoo.co.jp/media/battlen
badspi,https://news.yahoo.co.jp/media/badspi
vbm,https://news.yahoo.co.jp/media/vbm
hitoc,https://news.yahoo.co.jp/media/hitoc
biz_plus,https://news.yahoo.co.jp/media/biz_plus
btecho,https://news.yahoo.co.jp/media/btecho
biteki,https://news.yahoo.co.jp/media/biteki
videonewsv,https://news.yahoo.co.jp/media/videonewsv
piaeigat,https://news.yahoo.co.jp/media/piaeigat
ffield,https://news.yahoo.co.jp/media/ffield
famitsu,https://news.yahoo.co.jp/media/famitsu
fanfun,https://news.yahoo.co.jp/media/fanfun
figaro,https://news.yahoo.co.jp/media/figaro
sasatto,https://news.yahoo.co.jp/media/sasatto
fminpo,https://news.yahoo.co.jp/media/fminpo
fujingaho,https://news.yahoo.co.jp/media/fujingaho
fujinjp,https://news.yahoo.co.jp/media/fujinjp
futaman,https://news.yahoo.co.jp/media/futaman
footballc,https://news.yahoo.co.jp/media/footballc
nikkey,https://news.yahoo.co.jp/media/nikkey
bunshun,https://news.yahoo.co.jp/media/bunshun
president,https://news.yahoo.co.jp/media/president
proresut,https://news.yahoo.co.jp/media/proresut
bestcar,https://news.yahoo.co.jp/media/bestcar
benesseks,https://news.yahoo.co.jp/media/benesseks
bengocom,https://news.yahoo.co.jp/media/bengocom
baseballk,https://news.yahoo.co.jp/media/baseballk
baseballc,https://news.yahoo.co.jp/media/baseballc
behindp,https://news.yahoo.co.jp/media/behindp
hokuriku,https://news.yahoo.co.jp/media/hokuriku
hokkaibun,https://news.yahoo.co.jp/media/hokkaibun
hotosena,https://news.yahoo.co.jp/media/hotosena
maidonans,https://news.yahoo.co.jp/media/maidonans
kosodate,https://news.yahoo.co.jp/media/kosodate
mynavin,https://news.yahoo.co.jp/media/mynavin
maikirei,https://news.yahoo.co.jp/media/maikirei
macour,https://news.yahoo.co.jp/media/macour
magmix,https://news.yahoo.co.jp/media/magmix
manetatsun,https://news.yahoo.co.jp/media/manetatsun
moneypost,https://news.yahoo.co.jp/media/moneypost
minkabu,https://news.yahoo.co.jp/media/minkabu
minnagolf,https://news.yahoo.co.jp/media/minnagolf
shumien,https://news.yahoo.co.jp/media/shumien
mesitsu,https://news.yahoo.co.jp/media/mesitsu
mliving,https://news.yahoo.co.jp/media/mliving
mdpr,https://news.yahoo.co.jp/media/mdpr
mcyclist,https://news.yahoo.co.jp/media/mcyclist
yaeyamanp,https://news.yahoo.co.jp/media/yaeyamanp
ykf,https://news.yahoo.co.jp/media/ykf
yomotto,https://news.yahoo.co.jp/media/yomotto
umakeiba,https://news.yahoo.co.jp/media/umakeiba
yogajol,https://news.yahoo.co.jp/media/yogajol
yorozuns,https://news.yahoo.co.jp/media/yorozuns
biz_lifeh,https://news.yahoo.co.jp/media/biz_lifeh
rugbyrp,https://news.yahoo.co.jp/media/rugbyrp
raditopi,https://news.yahoo.co.jp/media/raditopi
realsound,https://news.yahoo.co.jp/media/realsound
rikunabin,https://news.yahoo.co.jp/media/rikunabin
resemom,https://news.yahoo.co.jp/media/resemom
ryu,https://news.yahoo.co.jp/media/ryu
ryokoyom,https://news.yahoo.co.jp/media/ryokoyom
tsuriplus,https://news.yahoo.co.jp/media/tsuriplus
rekishin,https://news.yahoo.co.jp/media/rekishin
rescuenow,https://news.yahoo.co.jp/media/rescuenow
rps,https://news.yahoo.co.jp/media/rps
lettucec,https://news.yahoo.co.jp/media/lettucec
yonh,https://news.yahoo.co.jp/media/yonh
reut,https://news.yahoo.co.jp/media/reut
locationj,https://news.yahoo.co.jp/media/locationj
wjsm,https://news.yahoo.co.jp/media/wjsm
